{
	"scene": "MRI",
	"nodes": [
		{
			"id": 1693691331600,
			"x": 892.8999999999999,
			"y": 435.29999999999984,
			"rotation": 0,
			"scale": 0.5999999999999996
		},
		{
			"id": 1693691332753,
			"x": 725.0999999999999,
			"y": 370.0999999999998,
			"rotation": 0,
			"scale": 0.34999999999999964
		},
		{
			"id": 1693691333561,
			"x": 400.65,
			"y": 400.75,
			"rotation": 290,
			"scale": 0.4499999999999996,
			"only": ["patient"]
		},
		{
			"id": 1693691336488,
			"x": 102.77499999999993,
			"y": 478.0249999999998,
			"rotation": 0,
			"scale": 0.5499999999999996
		}
	]
}
