{
	"scene": "OR",
	"nodes": [
		{
			"id": 1693815519097,
			"x": 149.29999999999995,
			"y": 709.2999999999998,
			"rotation": 0,
			"scale": 0.5999999999999996
		},
		{
			"id": 1693815520171,
			"x": 845.8999999999999,
			"y": 716.2999999999998,
			"rotation": 0,
			"scale": 0.5999999999999996
		},
		{
			"id": 1693815523604,
			"x": 550,
			"y": 707.4999999999998,
			"rotation": 60,
			"scale": 0.4999999999999996,
			"only": ["patient"]
		}
	]
}
